semanticId,ptBr,role,familyRoot,v07Form,selected,variant,status
"CREATE","undefined","ACTION","KD","KDRA","KDRA","ROOT_ROLE","DISCOVERY_CANDIDATE"
"DEFINE","undefined","ACTION","KD","KEDURA","KEDURA","ROLE_SUFFIX","DISCOVERY_CANDIDATE"
"ALTER","undefined","ACTION","KD","KIDIRA","KIDIRA","ROLE_SUFFIX","DISCOVERY_CANDIDATE"
"REMOVE","undefined","ACTION","KD","KODERA","KODERA","ROLE_SUFFIX","DISCOVERY_CANDIDATE"
"TRANSFORM","undefined","ACTION","KD","LIKARA","LIKARA","ROLE_SUFFIX","DISCOVERY_CANDIDATE"
"CONNECT","undefined","ACTION","VM","VMRA","VMRA","ROOT_ROLE","DISCOVERY_CANDIDATE"
"ASSOCIATE","undefined","ACTION","VM","VEMUTORA","VEMUTORA","ROLE_SUFFIX","DISCOVERY_CANDIDATE"
"RELATION","undefined","ENTITY","VM","VMNA","VMNA","ROOT_ROLE","DISCOVERY_CANDIDATE"
"REFERENCE","undefined","ENTITY","VM","MAHINA","MAHINA","ROLE_SUFFIX","DISCOVERY_CANDIDATE"
"ACTIVATE","undefined","ACTION","LV","LVRA","LVRA","ROOT_ROLE","DISCOVERY_CANDIDATE"
"DEACTIVATE","undefined","ACTION","LV","LEVURA","LEVURA","ROLE_SUFFIX","DISCOVERY_CANDIDATE"
"EXECUTE","undefined","ACTION","LV","LUVARA","LUVARA","ROLE_SUFFIX","DISCOVERY_CANDIDATE"
"RETURN","undefined","ACTION","LV","KIPARA","KIPARA","ROLE_SUFFIX","DISCOVERY_CANDIDATE"
"MANIFEST","undefined","ACTION","MN","MNRA","MNRA","ROOT_ROLE","DISCOVERY_CANDIDATE"
"VALIDATE","undefined","ACTION","MN","KEVARA","KEVARA","ROLE_SUFFIX","DISCOVERY_CANDIDATE"
"IMPORT","undefined","ACTION","SL","SLRA","SLRA","ROOT_ROLE","DISCOVERY_CANDIDATE"
"EXPORT","undefined","ACTION","SL","SELURA","SELURA","ROLE_SUFFIX","DISCOVERY_CANDIDATE"
"LOAD","undefined","ACTION","SL","SILIDURA","SILIDURA","ROLE_SUFFIX","DISCOVERY_CANDIDATE"
"SAVE","undefined","ACTION","SL","SOLERA","SOLERA","ROLE_SUFFIX","DISCOVERY_CANDIDATE"
"REGISTER","undefined","ACTION","NP","NPRA","NPRA","ROOT_ROLE","DISCOVERY_CANDIDATE"
"OBSERVE","undefined","ACTION","NP","NEPURA","NEPURA","ROLE_SUFFIX","DISCOVERY_CANDIDATE"
"EMIT","undefined","ACTION","NP","NIPIRA","NIPIRA","ROLE_SUFFIX","DISCOVERY_CANDIDATE"
"EVENT","undefined","ENTITY","NP","NPNA","NPNA","ROOT_ROLE","DISCOVERY_CANDIDATE"
"WORLD","undefined","ENTITY","MV","MVNA","MVNA","ROOT_ROLE","DISCOVERY_CANDIDATE"
"OBJECT","undefined","ENTITY","MV","OKUNA","OKUNA","ROLE_SUFFIX","DISCOVERY_CANDIDATE"
"ENTITY","undefined","ENTITY","MV","MIVIYUNA","MIVIYUNA","ROLE_SUFFIX","DISCOVERY_CANDIDATE"
"ELEMENT","undefined","ENTITY","MV","MOVENA","MOVENA","ROLE_SUFFIX","DISCOVERY_CANDIDATE"
"INSTANCE","undefined","ENTITY","MV","MUVONA","MUVONA","ROLE_SUFFIX","DISCOVERY_CANDIDATE"
"CLASS","undefined","ENTITY","KL","KLNA","KLNA","ROOT_ROLE","DISCOVERY_CANDIDATE"
"TYPE","undefined","ENTITY","KL","KELUPANA","KELUPANA","ROLE_SUFFIX","DISCOVERY_CANDIDATE"
"INTERFACE","undefined","ENTITY","KL","YUMUNA","YUMUNA","ROLE_SUFFIX","DISCOVERY_CANDIDATE"
"CONTRACT","undefined","ENTITY","KL","KOLETANA","KOLETANA","ROLE_SUFFIX","DISCOVERY_CANDIDATE"
"IDENTITY","undefined","ENTITY","KL","KULONA","KULONA","ROLE_SUFFIX","DISCOVERY_CANDIDATE"
"COMPONENT","undefined","ENTITY","SV","SVNA","SVNA","ROOT_ROLE","DISCOVERY_CANDIDATE"
"SYSTEM","undefined","ENTITY","SV","SIVENNA","SIVENNA","ROLE_SUFFIX","DISCOVERY_CANDIDATE"
"MODULE","undefined","ENTITY","SV","NURUNA","NURUNA","ROLE_SUFFIX","DISCOVERY_CANDIDATE"
"MODEL","undefined","ENTITY","SV","SOVELANA","SOVELANA","ROLE_SUFFIX","DISCOVERY_CANDIDATE"
"STRUCTURE","undefined","ENTITY","SV","SUVUNA","SUVUNA","ROLE_SUFFIX","DISCOVERY_CANDIDATE"
"ACTION","undefined","ENTITY","KM","KMNA","KMNA","ROOT_ROLE","DISCOVERY_CANDIDATE"
"COMMAND","undefined","ENTITY","KM","KEMUDONA","KEMUDONA","ROLE_SUFFIX","DISCOVERY_CANDIDATE"
"FUNCTION","undefined","ENTITY","KM","LARENA","LARENA","ROLE_SUFFIX","DISCOVERY_CANDIDATE"
"OPERATION","undefined","ENTITY","KM","KOMENANAN","KOMENANAN","COMPACT_ROLE","DISCOVERY_CANDIDATE"
"PROCESS","undefined","ENTITY","KM","ZANENA","ZANENA","ROLE_SUFFIX","DISCOVERY_CANDIDATE"
"STATE","undefined","STATE","ZV","ZVSE","ZVSE","ROOT_ROLE","DISCOVERY_CANDIDATE"
"CONDITION","undefined","STATE","ZV","ZEVUNOSE","ZEVUNOSE","ROLE_SUFFIX","DISCOVERY_CANDIDATE"
"WHEN","undefined","OPERATOR","ZV","ZVKO","ZVKO","ROOT_ROLE","DISCOVERY_CANDIDATE"
"IF","undefined","OPERATOR","ZV","ZOVEFOKO","ZOVEFOKO","ROLE_SUFFIX","DISCOVERY_CANDIDATE"
"ELSE","undefined","OPERATOR","ZV","ZUVOSEKO","ZUVOSEKO","ROLE_SUFFIX","DISCOVERY_CANDIDATE"
"FOR","undefined","OPERATOR","RK","RKKO","RKKO","ROOT_ROLE","DISCOVERY_CANDIDATE"
"EACH","undefined","OPERATOR","RK","REKUKO","REKUKO","ROLE_SUFFIX","DISCOVERY_CANDIDATE"
"WHILE","undefined","OPERATOR","RK","SAYITEKO","SAYITEKO","ROLE_SUFFIX","DISCOVERY_CANDIDATE"
"THEN","undefined","OPERATOR","RK","ROKENAKO","ROKENAKO","ROLE_SUFFIX","DISCOVERY_CANDIDATE"
"START","undefined","ACTION","RK","RKRA","RKRA","ROOT_ROLE","DISCOVERY_CANDIDATE"
"END","undefined","ACTION","RK","REBERA","REBERA","ROLE_SUFFIX","DISCOVERY_CANDIDATE"
"NAME","undefined","DATA","DP","DPDA","DPDA","ROOT_ROLE","DISCOVERY_CANDIDATE"
"IDENTIFIER","undefined","DATA","DP","LAKIDA","LAKIDA","ROLE_SUFFIX","DISCOVERY_CANDIDATE"
"VALUE","undefined","DATA","DP","DIPILEDA","DIPILEDA","ROLE_SUFFIX","DISCOVERY_CANDIDATE"
"PROPERTY","undefined","DATA","DP","DOPEYADA","DOPEYADA","ROLE_SUFFIX","DISCOVERY_CANDIDATE"
"ATTRIBUTE","undefined","DATA","DP","HUPIDA","HUPIDA","ROLE_SUFFIX","DISCOVERY_CANDIDATE"
"PARAMETER","undefined","DATA","PZ","PZDA","PZDA","ROOT_ROLE","DISCOVERY_CANDIDATE"
"ARGUMENT","undefined","DATA","PZ","PEZUDA","PEZUDA","ROLE_SUFFIX","DISCOVERY_CANDIDATE"
"SOURCE","undefined","DATA","PZ","PIZICIDA","PIZICIDA","ROLE_SUFFIX","DISCOVERY_CANDIDATE"
"TARGET","undefined","TARGET","PZ","PZMA","PZMA","ROOT_ROLE","DISCOVERY_CANDIDATE"
"CONTEXT","undefined","DATA","KH","KHDA","KHDA","ROOT_ROLE","DISCOVERY_CANDIDATE"
"VERSION","undefined","DATA","KH","KUHIDA","KUHIDA","ROLE_SUFFIX","DISCOVERY_CANDIDATE"
"PROFILE","undefined","DATA","KH","PEMIDA","PEMIDA","ROLE_SUFFIX","DISCOVERY_CANDIDATE"
"META","undefined","DATA","KH","MIKIDA","MIKIDA","ROLE_SUFFIX","DISCOVERY_CANDIDATE"
"DATA","undefined","DATA","DN","DNDA","DNDA","ROOT_ROLE","DISCOVERY_CANDIDATE"
"MEMORY","undefined","DATA","DN","DENUYODA","DENUYODA","ROLE_SUFFIX","DISCOVERY_CANDIDATE"
"DATABASE","undefined","COLLECTION","DN","DNLI","DNLI","ROOT_ROLE","DISCOVERY_CANDIDATE"
"FILE","undefined","DATA","DN","PELIHODA","PELIHODA","ROLE_SUFFIX","DISCOVERY_CANDIDATE"
"DOCUMENT","undefined","DATA","DN","DUNOTEDA","DUNOTEDA","ROLE_SUFFIX","DISCOVERY_CANDIDATE"
"RECORD","undefined","DATA","DN","DANUDID","DANUDID","COMPACT_ROLE","DISCOVERY_CANDIDATE"
"COLLECTION","undefined","COLLECTION","VH","VHLI","VHLI","ROOT_ROLE","DISCOVERY_CANDIDATE"
"LIST","undefined","COLLECTION","VH","VOMOLI","VOMOLI","ROLE_SUFFIX","DISCOVERY_CANDIDATE"
"MAP","undefined","COLLECTION","VH","DALEKOLI","DALEKOLI","ROLE_SUFFIX","DISCOVERY_CANDIDATE"
"SOURCE_ALIAS","undefined","ENTITY","VH","VHNA","VHNA","ROOT_ROLE","DISCOVERY_CANDIDATE"
"CACHE","undefined","DATA","VH","VHDA","VHDA","ROOT_ROLE","DISCOVERY_CANDIDATE"
"HISTORY","undefined","DATA","VH","VAHUYIDA","VAHUYIDA","ROLE_SUFFIX","DISCOVERY_CANDIDATE"
"PROVENANCE","undefined","DATA","VH","VEHACODA","VEHACODA","ROLE_SUFFIX","DISCOVERY_CANDIDATE"
"CAPABILITY","undefined","TARGET","KP","KPMA","KPMA","ROOT_ROLE","DISCOVERY_CANDIDATE"
"PERMISSION","undefined","OPERATOR","KP","KPKO","KPKO","ROOT_ROLE","DISCOVERY_CANDIDATE"
"ACCESS","undefined","OPERATOR","KP","KIPISUKO","KIPISUKO","ROLE_SUFFIX","DISCOVERY_CANDIDATE"
"ALLOW","undefined","OPERATOR","KP","VANEMUKO","VANEMUKO","ROLE_SUFFIX","DISCOVERY_CANDIDATE"
"DENY","undefined","OPERATOR","KP","KUPOYEKO","KUPOYEKO","ROLE_SUFFIX","DISCOVERY_CANDIDATE"
"SECURE","undefined","STATE","KP","KPSE","KPSE","ROOT_ROLE","DISCOVERY_CANDIDATE"
"READ","undefined","ACTION","ZM","ZMRA","ZMRA","ROOT_ROLE","DISCOVERY_CANDIDATE"
"WRITE","undefined","ACTION","ZM","KIYUZURA","KIYUZURA","ROLE_SUFFIX","DISCOVERY_CANDIDATE"
"EDIT","undefined","ACTION","ZM","ZIMITURA","ZIMITURA","ROLE_SUFFIX","DISCOVERY_CANDIDATE"
"NETWORK","undefined","ENTITY","VR","VRNA","VRNA","ROOT_ROLE","DISCOVERY_CANDIDATE"
"LOCAL","undefined","STATE","VR","VRSE","VRSE","ROOT_ROLE","DISCOVERY_CANDIDATE"
"EXTERNAL","undefined","STATE","VR","VIRILUSE","VIRILUSE","ROLE_SUFFIX","DISCOVERY_CANDIDATE"
"PRIVATE","undefined","STATE","VR","VORETASE","VORETASE","ROLE_SUFFIX","DISCOVERY_CANDIDATE"
"PUBLIC","undefined","STATE","VR","VUROCESE","VUROCESE","ROLE_SUFFIX","DISCOVERY_CANDIDATE"
"AGENT","undefined","AGENT","GN","GNTA","GNTA","ROOT_ROLE","DISCOVERY_CANDIDATE"
"AI","undefined","AGENT","GN","GENUTA","GENUTA","ROLE_SUFFIX","DISCOVERY_CANDIDATE"
"SPECIALIST","undefined","AGENT","GN","GINITA","GINITA","ROLE_SUFFIX","DISCOVERY_CANDIDATE"
"MASTER","undefined","AGENT","GN","GONERATA","GONERATA","ROLE_SUFFIX","DISCOVERY_CANDIDATE"
"ROLE","undefined","AGENT","GN","GUNOTA","GUNOTA","ROLE_SUFFIX","DISCOVERY_CANDIDATE"
"PROMPT","undefined","DATA","PR","PRDA","PRDA","ROOT_ROLE","DISCOVERY_CANDIDATE"
"INTENT","undefined","DATA","PR","NETUVADA","NETUVADA","ROLE_SUFFIX","DISCOVERY_CANDIDATE"
"GOAL","undefined","DATA","PR","PIRIDA","PIRIDA","ROLE_SUFFIX","DISCOVERY_CANDIDATE"
"PLAN","undefined","DATA","PR","RIDUHADA","RIDUHADA","ROLE_SUFFIX","DISCOVERY_CANDIDATE"
"TASK","undefined","DATA","PR","PURODA","PURODA","ROLE_SUFFIX","DISCOVERY_CANDIDATE"
"SKILL","undefined","ENTITY","HY","HYNA","HYNA","ROOT_ROLE","DISCOVERY_CANDIDATE"
"RULE","undefined","DATA","HY","HYDA","HYDA","ROOT_ROLE","DISCOVERY_CANDIDATE"
"POLICY","undefined","DATA","HY","HIYIDA","HIYIDA","ROLE_SUFFIX","DISCOVERY_CANDIDATE"
"INSTRUCTION","undefined","DATA","HY","HOYEDA","HOYEDA","ROLE_SUFFIX","DISCOVERY_CANDIDATE"
"DESIGN","undefined","DATA","DS","DSDA","DSDA","ROOT_ROLE","DISCOVERY_CANDIDATE"
"VISUAL","undefined","DATA","DS","DESUDA","DESUDA","ROLE_SUFFIX","DISCOVERY_CANDIDATE"
"LAYOUT","undefined","DATA","DS","DISIDA","DISIDA","ROLE_SUFFIX","DISCOVERY_CANDIDATE"
"STYLE","undefined","DATA","DS","DOSEDA","DOSEDA","ROLE_SUFFIX","DISCOVERY_CANDIDATE"
"COLOR","undefined","DATA","DS","DUSODA","DUSODA","ROLE_SUFFIX","DISCOVERY_CANDIDATE"
"FORM","undefined","DATA","DS","DASUD","DASUD","COMPACT_ROLE","DISCOVERY_CANDIDATE"
"IMAGE","undefined","DATA","ZR","ZRDA","ZRDA","ROOT_ROLE","DISCOVERY_CANDIDATE"
"VIDEO","undefined","DATA","ZR","ZERUDA","ZERUDA","ROLE_SUFFIX","DISCOVERY_CANDIDATE"
"AUDIO","undefined","DATA","ZR","PUDUYODA","PUDUYODA","ROLE_SUFFIX","DISCOVERY_CANDIDATE"
"TEXT","undefined","DATA","ZR","NISODA","NISODA","ROLE_SUFFIX","DISCOVERY_CANDIDATE"
"WEB","undefined","ENTITY","VK","VKNA","VKNA","ROOT_ROLE","DISCOVERY_CANDIDATE"
"APP","undefined","ENTITY","VK","VAKONA","VAKONA","ROLE_SUFFIX","DISCOVERY_CANDIDATE"
"GAME","undefined","ENTITY","VK","RAHONA","RAHONA","ROLE_SUFFIX","DISCOVERY_CANDIDATE"
"WORKFLOW","undefined","ENTITY","VK","NIHUZONA","NIHUZONA","ROLE_SUFFIX","DISCOVERY_CANDIDATE"
