semanticId,ptBr,familyId,familyRoot,previousV06,selected,variant,changed,baseScore,status
"CREATE","CRIAR","F01_CREATION_MUTATION","KD","KADA","KADATA","C_V05_CONTINUITY","true","82","DISCOVERY_CANDIDATE"
"DEFINE","DEFINIR","F01_CREATION_MUTATION","KD","KEDU","KEDU","A_FAMILY_COMPACT","false","84","DISCOVERY_CANDIDATE"
"ALTER","ALTERAR","F01_CREATION_MUTATION","KD","KIDI","KIDI","A_FAMILY_COMPACT","false","84","DISCOVERY_CANDIDATE"
"REMOVE","REMOVER","F01_CREATION_MUTATION","KD","KODE","KODE","A_FAMILY_COMPACT","false","84","DISCOVERY_CANDIDATE"
"TRANSFORM","TRANSFORMAR","F01_CREATION_MUTATION","KD","KUDO","LIKA","C_V05_CONTINUITY","true","63","DISCOVERY_CANDIDATE"
"CONNECT","CONECTAR","F02_RELATION_BINDING","VM","VAMA","VAMATO","C_V05_CONTINUITY","true","82","DISCOVERY_CANDIDATE"
"ASSOCIATE","ASSOCIAR","F02_RELATION_BINDING","VM","VEMU","VEMUTO","B_FAMILY_EXTENDED","true","77","DISCOVERY_CANDIDATE"
"RELATION","RELACAO","F02_RELATION_BINDING","VM","VIMI","VIMI","A_FAMILY_COMPACT","false","84","DISCOVERY_CANDIDATE"
"REFERENCE","REFERENCIA","F02_RELATION_BINDING","VM","VOME","MAHI","C_V05_CONTINUITY","true","63","DISCOVERY_CANDIDATE"
"ACTIVATE","ATIVAR","F03_LIFECYCLE_EXECUTION","LV","LAVA","SEKETA","C_V05_CONTINUITY","true","58","DISCOVERY_CANDIDATE"
"DEACTIVATE","DESATIVAR","F03_LIFECYCLE_EXECUTION","LV","LEVU","LEVU","A_FAMILY_COMPACT","false","84","DISCOVERY_CANDIDATE"
"EXECUTE","EXECUTAR","F03_LIFECYCLE_EXECUTION","LV","LUVA","LUVA","C_V05_CONTINUITY","false","89","DISCOVERY_CANDIDATE"
"RETURN","RETORNAR","F03_LIFECYCLE_EXECUTION","LV","LOVE","KIPA","C_V05_CONTINUITY","true","59","DISCOVERY_CANDIDATE"
"MANIFEST","MANIFESTAR","F04_MANIFEST_VALIDATION","MN","MANUVA","MANA","A_FAMILY_COMPACT","true","84","DISCOVERY_CANDIDATE"
"VALIDATE","VALIDAR","F04_MANIFEST_VALIDATION","MN","MENU","KEVA","C_V05_CONTINUITY","true","59","DISCOVERY_CANDIDATE"
"IMPORT","IMPORTAR","F05_TRANSFER_PERSISTENCE","SL","SELA","SELA","C_V05_CONTINUITY","false","89","DISCOVERY_CANDIDATE"
"EXPORT","EXPORTAR","F05_TRANSFER_PERSISTENCE","SL","SELU","SELU","A_FAMILY_COMPACT","false","84","DISCOVERY_CANDIDATE"
"LOAD","CARREGAR","F05_TRANSFER_PERSISTENCE","SL","SILI","SILIDU","B_FAMILY_EXTENDED","true","80","DISCOVERY_CANDIDATE"
"SAVE","SALVAR","F05_TRANSFER_PERSISTENCE","SL","SOLE","SOLE","A_FAMILY_COMPACT","false","84","DISCOVERY_CANDIDATE"
"REGISTER","REGISTRAR","F06_OBSERVABILITY","NP","NAPA","NAPA","A_FAMILY_COMPACT","false","84","DISCOVERY_CANDIDATE"
"OBSERVE","OBSERVAR","F06_OBSERVABILITY","NP","NEPU","NEPU","A_FAMILY_COMPACT","false","84","DISCOVERY_CANDIDATE"
"EMIT","EMITIR","F06_OBSERVABILITY","NP","NIPI","NIPI","A_FAMILY_COMPACT","false","84","DISCOVERY_CANDIDATE"
"EVENT","EVENTO","F06_OBSERVABILITY","NP","NOPE","NIVAKE","C_V05_CONTINUITY","true","73","DISCOVERY_CANDIDATE"
"WORLD","MUNDO","F07_STRUCTURE_CORE","MV","MAVU","MAVU","C_V05_CONTINUITY","false","89","DISCOVERY_CANDIDATE"
"OBJECT","OBJETO","F07_STRUCTURE_CORE","MV","MEVU","OKU","C_V05_CONTINUITY","true","58","DISCOVERY_CANDIDATE"
"ENTITY","ENTIDADE","F07_STRUCTURE_CORE","MV","MIVI","MIVIYU","B_FAMILY_EXTENDED","true","80","DISCOVERY_CANDIDATE"
"ELEMENT","ELEMENTO","F07_STRUCTURE_CORE","MV","MOVE","MOVE","A_FAMILY_COMPACT","false","84","DISCOVERY_CANDIDATE"
"INSTANCE","INSTANCIA","F07_STRUCTURE_CORE","MV","MUVO","MUVO","A_FAMILY_COMPACT","false","84","DISCOVERY_CANDIDATE"
"CLASS","CLASSE","F08_TYPE_IDENTITY","KL","KELU","KALASI","B_FAMILY_EXTENDED","true","80","DISCOVERY_CANDIDATE"
"TYPE","TIPO","F08_TYPE_IDENTITY","KL","KELUPA","KELUPA","A_FAMILY_COMPACT","false","77","DISCOVERY_CANDIDATE"
"INTERFACE","INTERFACE","F08_TYPE_IDENTITY","KL","KILI","YUMU","C_V05_CONTINUITY","true","59","DISCOVERY_CANDIDATE"
"CONTRACT","CONTRATO","F08_TYPE_IDENTITY","KL","KOLE","KOLETA","B_FAMILY_EXTENDED","true","77","DISCOVERY_CANDIDATE"
"IDENTITY","IDENTIDADE","F08_TYPE_IDENTITY","KL","KULO","KULO","A_FAMILY_COMPACT","false","84","DISCOVERY_CANDIDATE"
"COMPONENT","COMPONENTE","F09_COMPOSITION_SYSTEM","SV","SAVA","SAVA","A_FAMILY_COMPACT","false","84","DISCOVERY_CANDIDATE"
"SYSTEM","SISTEMA","F09_COMPOSITION_SYSTEM","SV","SIVEN","SIVEN","C_V05_CONTINUITY","false","86","DISCOVERY_CANDIDATE"
"MODULE","MODULO","F09_COMPOSITION_SYSTEM","SV","SIVI","NURU","C_V05_CONTINUITY","true","63","DISCOVERY_CANDIDATE"
"MODEL","MODELO","F09_COMPOSITION_SYSTEM","SV","SOVE","SOVELA","B_FAMILY_EXTENDED","true","80","DISCOVERY_CANDIDATE"
"STRUCTURE","ESTRUTURA","F09_COMPOSITION_SYSTEM","SV","SUVU","SUVU","C_V05_CONTINUITY","false","89","DISCOVERY_CANDIDATE"
"ACTION","ACAO","F10_BEHAVIOR_EXEC","KM","KAMA","KANESE","C_V05_CONTINUITY","true","73","DISCOVERY_CANDIDATE"
"COMMAND","COMANDO","F10_BEHAVIOR_EXEC","KM","KOME","KEMUDO","B_FAMILY_EXTENDED","true","80","DISCOVERY_CANDIDATE"
"FUNCTION","FUNCAO","F10_BEHAVIOR_EXEC","KM","KIMI","LARE","C_V05_CONTINUITY","true","63","DISCOVERY_CANDIDATE"
"OPERATION","OPERACAO","F10_BEHAVIOR_EXEC","KM","KOMENA","KOMENANA","B_FAMILY_EXTENDED","true","72","DISCOVERY_CANDIDATE"
"PROCESS","PROCESSO","F10_BEHAVIOR_EXEC","KM","KUMO","ZANE","C_V05_CONTINUITY","true","60","DISCOVERY_CANDIDATE"
"STATE","ESTADO","F11_LOGIC_STATE","ZV","ZOVE","ZAVATI","B_FAMILY_EXTENDED","true","77","DISCOVERY_CANDIDATE"
"CONDITION","CONDICAO","F11_LOGIC_STATE","ZV","ZEVU","ZEVUNO","B_FAMILY_EXTENDED","true","80","DISCOVERY_CANDIDATE"
"WHEN","QUANDO","F11_LOGIC_STATE","ZV","ZIVI","ZIVI","A_FAMILY_COMPACT","false","84","DISCOVERY_CANDIDATE"
"IF","SE","F11_LOGIC_STATE","ZV","ZOVEFA","ZOVEFO","A_FAMILY_COMPACT","true","77","DISCOVERY_CANDIDATE"
"ELSE","SENAO","F11_LOGIC_STATE","ZV","ZUVO","ZUVOSE","B_FAMILY_EXTENDED","true","80","DISCOVERY_CANDIDATE"
"FOR","PARA","F12_CONTROL_FLOW","RK","ROKE","ROKE","C_V05_CONTINUITY","false","89","DISCOVERY_CANDIDATE"
"EACH","CADA","F12_CONTROL_FLOW","RK","REKU","REKU","A_FAMILY_COMPACT","false","84","DISCOVERY_CANDIDATE"
"WHILE","ENQUANTO","F12_CONTROL_FLOW","RK","RIKI","SAYITE","C_V05_CONTINUITY","true","58","DISCOVERY_CANDIDATE"
"THEN","ENTAO","F12_CONTROL_FLOW","RK","ROKENA","ROKENA","A_FAMILY_COMPACT","false","79","DISCOVERY_CANDIDATE"
"START","INICIO","F12_CONTROL_FLOW","RK","RUKO","RUKO","A_FAMILY_COMPACT","false","85","DISCOVERY_CANDIDATE"
"END","FIM","F12_CONTROL_FLOW","RK","RAKU","REBE","C_V05_CONTINUITY","true","78","DISCOVERY_CANDIDATE"
"NAME","NOME","F13_IDENTITY_FIELDS","DP","DIPI","DAPAMI","B_FAMILY_EXTENDED","true","80","DISCOVERY_CANDIDATE"
"IDENTIFIER","ID","F13_IDENTITY_FIELDS","DP","DEPU","LAKI","C_V05_CONTINUITY","true","63","DISCOVERY_CANDIDATE"
"VALUE","VALOR","F13_IDENTITY_FIELDS","DP","DIPILE","DIPILE","A_FAMILY_COMPACT","false","77","DISCOVERY_CANDIDATE"
"PROPERTY","PROPRIEDADE","F13_IDENTITY_FIELDS","DP","DOPE","DOPEYA","B_FAMILY_EXTENDED","true","80","DISCOVERY_CANDIDATE"
"ATTRIBUTE","ATRIBUTO","F13_IDENTITY_FIELDS","DP","DUPO","HUPI","C_V05_CONTINUITY","true","63","DISCOVERY_CANDIDATE"
"PARAMETER","PARAMETRO","F14_CALL_SIGNATURE","PZ","PAZA","PAZA","A_FAMILY_COMPACT","false","84","DISCOVERY_CANDIDATE"
"ARGUMENT","ARGUMENTO","F14_CALL_SIGNATURE","PZ","PEZU","PEZU","A_FAMILY_COMPACT","false","84","DISCOVERY_CANDIDATE"
"SOURCE","ORIGEM","F14_CALL_SIGNATURE","PZ","PIZI","PIZICI","C_V05_CONTINUITY","true","82","DISCOVERY_CANDIDATE"
"TARGET","DESTINO","F14_CALL_SIGNATURE","PZ","PAZI","PAZI","C_V05_CONTINUITY","false","89","DISCOVERY_CANDIDATE"
"CONTEXT","CONTEXTO","F15_CONTEXT_META","KH","KAHA","KAHA","A_FAMILY_COMPACT","false","84","DISCOVERY_CANDIDATE"
"VERSION","VERSAO","F15_CONTEXT_META","KH","KUHI","KUHI","C_V05_CONTINUITY","false","89","DISCOVERY_CANDIDATE"
"PROFILE","PERFIL","F15_CONTEXT_META","KH","KIHI","PEMI","C_V05_CONTINUITY","true","59","DISCOVERY_CANDIDATE"
"META","META","F15_CONTEXT_META","KH","KOHE","MIKI","C_V05_CONTINUITY","true","59","DISCOVERY_CANDIDATE"
"DATA","DADO","F16_DATA_STORAGE","DN","DANUVO","DANUVO","C_V05_CONTINUITY","false","85","DISCOVERY_CANDIDATE"
"MEMORY","MEMORIA","F16_DATA_STORAGE","DN","DENU","DENUYO","B_FAMILY_EXTENDED","true","80","DISCOVERY_CANDIDATE"
"DATABASE","BASE","F16_DATA_STORAGE","DN","DINI","PUSELO","C_V05_CONTINUITY","true","58","DISCOVERY_CANDIDATE"
"FILE","ARQUIVO","F16_DATA_STORAGE","DN","DONE","PELIHO","C_V05_CONTINUITY","true","58","DISCOVERY_CANDIDATE"
"DOCUMENT","DOCUMENTO","F16_DATA_STORAGE","DN","DUNO","DUNOTE","B_FAMILY_EXTENDED","true","77","DISCOVERY_CANDIDATE"
"RECORD","REGISTRO","F16_DATA_STORAGE","DN","DANU","DANUDI","B_FAMILY_EXTENDED","true","80","DISCOVERY_CANDIDATE"
"COLLECTION","COLECAO","F17_COLLECTION_PROVENANCE","VH","VEHO","VEHO","C_V05_CONTINUITY","false","89","DISCOVERY_CANDIDATE"
"LIST","LISTA","F17_COLLECTION_PROVENANCE","VH","VEHU","VOMO","C_V05_CONTINUITY","true","74","DISCOVERY_CANDIDATE"
"MAP","MAPA","F17_COLLECTION_PROVENANCE","VH","VIHI","DALEKO","C_V05_CONTINUITY","true","58","DISCOVERY_CANDIDATE"
"SOURCE_ALIAS","FONTE","F17_COLLECTION_PROVENANCE","VH","VOHE","VOHE","A_FAMILY_COMPACT","false","84","DISCOVERY_CANDIDATE"
"CACHE","CACHE","F17_COLLECTION_PROVENANCE","VH","VUHO","VUHO","A_FAMILY_COMPACT","false","84","DISCOVERY_CANDIDATE"
"HISTORY","HISTORICO","F17_COLLECTION_PROVENANCE","VH","VAHU","VAHUYI","B_FAMILY_EXTENDED","true","80","DISCOVERY_CANDIDATE"
"PROVENANCE","PROVENIENCIA","F17_COLLECTION_PROVENANCE","VH","VEHA","VEHACO","B_FAMILY_EXTENDED","true","80","DISCOVERY_CANDIDATE"
"CAPABILITY","CAPACIDADE","F18_SECURITY_CAPABILITY","KP","KAPU","KAPU","C_V05_CONTINUITY","false","89","DISCOVERY_CANDIDATE"
"PERMISSION","PERMISSAO","F18_SECURITY_CAPABILITY","KP","KEPU","PEREN","C_V05_CONTINUITY","true","55","DISCOVERY_CANDIDATE"
"ACCESS","ACESSO","F18_SECURITY_CAPABILITY","KP","KIPI","KIPISU","B_FAMILY_EXTENDED","true","80","DISCOVERY_CANDIDATE"
"ALLOW","AUTORIZAR","F18_SECURITY_CAPABILITY","KP","KOPE","VANEMU","C_V05_CONTINUITY","true","55","DISCOVERY_CANDIDATE"
"DENY","NEGAR","F18_SECURITY_CAPABILITY","KP","KUPO","KUPOYE","B_FAMILY_EXTENDED","true","77","DISCOVERY_CANDIDATE"
"SECURE","SEGURO","F18_SECURITY_CAPABILITY","KP","KAPURI","KAPURIRI","B_FAMILY_EXTENDED","true","72","DISCOVERY_CANDIDATE"
"READ","LER","F19_DATA_ACCESS","ZM","ZUMONU","ZUMONU","C_V05_CONTINUITY","false","88","DISCOVERY_CANDIDATE"
"WRITE","ESCREVER","F19_DATA_ACCESS","ZM","ZEMU","KIYUZU","C_V05_CONTINUITY","true","58","DISCOVERY_CANDIDATE"
"EDIT","EDITAR","F19_DATA_ACCESS","ZM","ZIMI","ZIMITU","B_FAMILY_EXTENDED","true","80","DISCOVERY_CANDIDATE"
"NETWORK","REDE","F20_NETWORK_SCOPE","VR","VERU","VARAKI","B_FAMILY_EXTENDED","true","80","DISCOVERY_CANDIDATE"
"LOCAL","LOCAL","F20_NETWORK_SCOPE","VR","VERULE","VERULE","A_FAMILY_COMPACT","false","77","DISCOVERY_CANDIDATE"
"EXTERNAL","EXTERNO","F20_NETWORK_SCOPE","VR","VIRI","VIRILU","B_FAMILY_EXTENDED","true","77","DISCOVERY_CANDIDATE"
"PRIVATE","PRIVADO","F20_NETWORK_SCOPE","VR","VORE","VORETA","B_FAMILY_EXTENDED","true","77","DISCOVERY_CANDIDATE"
"PUBLIC","PUBLICO","F20_NETWORK_SCOPE","VR","VURO","VUROCE","B_FAMILY_EXTENDED","true","80","DISCOVERY_CANDIDATE"
"AGENT","AGENTE","F21_AGENT_IDENTITY","GN","AGENA","AGENA","C_V05_CONTINUITY","false","86","DISCOVERY_CANDIDATE"
"AI","IA","F21_AGENT_IDENTITY","GN","GENU","GENU","A_FAMILY_COMPACT","false","84","DISCOVERY_CANDIDATE"
"SPECIALIST","ESPECIALISTA","F21_AGENT_IDENTITY","GN","GINI","GINI","A_FAMILY_COMPACT","false","84","DISCOVERY_CANDIDATE"
"MASTER","MESTRE","F21_AGENT_IDENTITY","GN","GONE","GONERA","B_FAMILY_EXTENDED","true","80","DISCOVERY_CANDIDATE"
"ROLE","PAPEL","F21_AGENT_IDENTITY","GN","GUNO","GUNO","A_FAMILY_COMPACT","false","84","DISCOVERY_CANDIDATE"
"PROMPT","PROMPT","F22_INTENT_ORCHESTRATION","PR","PORA","PORA","C_V05_CONTINUITY","false","89","DISCOVERY_CANDIDATE"
"INTENT","INTENCAO","F22_INTENT_ORCHESTRATION","PR","PERU","NETUVA","C_V05_CONTINUITY","true","55","DISCOVERY_CANDIDATE"
"GOAL","OBJETIVO","F22_INTENT_ORCHESTRATION","PR","PIRI","PIRI","A_FAMILY_COMPACT","false","84","DISCOVERY_CANDIDATE"
"PLAN","PLANO","F22_INTENT_ORCHESTRATION","PR","PORE","RIDUHA","C_V05_CONTINUITY","true","58","DISCOVERY_CANDIDATE"
"TASK","TAREFA","F22_INTENT_ORCHESTRATION","PR","PURO","PURO","A_FAMILY_COMPACT","false","84","DISCOVERY_CANDIDATE"
"SKILL","SKILL","F23_POLICY_INSTRUCTION","HY","HAYALE","HAYALE","A_FAMILY_COMPACT","false","77","DISCOVERY_CANDIDATE"
"RULE","REGRA","F23_POLICY_INSTRUCTION","HY","HEYU","HEYULO","B_FAMILY_EXTENDED","true","80","DISCOVERY_CANDIDATE"
"POLICY","POLITICA","F23_POLICY_INSTRUCTION","HY","HIYI","HIYI","A_FAMILY_COMPACT","false","85","DISCOVERY_CANDIDATE"
"INSTRUCTION","INSTRUCAO","F23_POLICY_INSTRUCTION","HY","HOYE","HOYE","A_FAMILY_COMPACT","false","85","DISCOVERY_CANDIDATE"
"DESIGN","DESIGN","F24_DESIGN_SYSTEM","DS","DUSONO","DUSONO","C_V05_CONTINUITY","false","85","DISCOVERY_CANDIDATE"
"VISUAL","VISUAL","F24_DESIGN_SYSTEM","DS","DESU","DESU","A_FAMILY_COMPACT","false","84","DISCOVERY_CANDIDATE"
"LAYOUT","LAYOUT","F24_DESIGN_SYSTEM","DS","DISI","DISI","A_FAMILY_COMPACT","false","84","DISCOVERY_CANDIDATE"
"STYLE","ESTILO","F24_DESIGN_SYSTEM","DS","DOSE","DOSE","A_FAMILY_COMPACT","false","84","DISCOVERY_CANDIDATE"
"COLOR","COR","F24_DESIGN_SYSTEM","DS","DUSO","DUSO","A_FAMILY_COMPACT","false","84","DISCOVERY_CANDIDATE"
"FORM","FORMA","F24_DESIGN_SYSTEM","DS","DASU","DASU","A_FAMILY_COMPACT","false","84","DISCOVERY_CANDIDATE"
"IMAGE","IMAGEM","F25_MEDIA_CONTENT","ZR","ZERO","ZERO","C_V05_CONTINUITY","false","89","DISCOVERY_CANDIDATE"
"VIDEO","VIDEO","F25_MEDIA_CONTENT","ZR","ZERU","ZERU","A_FAMILY_COMPACT","false","84","DISCOVERY_CANDIDATE"
"AUDIO","AUDIO","F25_MEDIA_CONTENT","ZR","ZIRI","PUDUYO","C_V05_CONTINUITY","true","58","DISCOVERY_CANDIDATE"
"TEXT","TEXTO","F25_MEDIA_CONTENT","ZR","ZORE","NISO","C_V05_CONTINUITY","true","63","DISCOVERY_CANDIDATE"
"WEB","WEB","F26_TARGET_MANIFESTATION","VK","VAKA","VAKA","A_FAMILY_COMPACT","false","84","DISCOVERY_CANDIDATE"
"APP","APP","F26_TARGET_MANIFESTATION","VK","VAKO","VAKO","C_V05_CONTINUITY","false","89","DISCOVERY_CANDIDATE"
"GAME","GAME","F26_TARGET_MANIFESTATION","VK","VIKI","RAHO","C_V05_CONTINUITY","true","63","DISCOVERY_CANDIDATE"
"WORKFLOW","WORKFLOW","F26_TARGET_MANIFESTATION","VK","VOKE","NIHUZO","C_V05_CONTINUITY","true","58","DISCOVERY_CANDIDATE"
