semanticId,ptBr,previous,root,category,winner,variant,score,moras
"CREATE","CRIAR","KADENA","K-D-N","OPERATIONS","KADA","A_COMPACT","80","KA-DA"
"DEFINE","DEFINIR","DENURA","D-N-R","OPERATIONS","DENA","A_COMPACT","80","DE-NA"
"ALTER","ALTERAR","NALOL","N-L-D","OPERATIONS","NALA","A_COMPACT","78","NA-LA"
"REMOVE","REMOVER","SARA","S-R-H","OPERATIONS","SARA","A_COMPACT","80","SA-RA"
"CONNECT","CONECTAR","VAMA","V-M-D","OPERATIONS","VAMA","A_COMPACT","80","VA-MA"
"ASSOCIATE","ASSOCIAR","SEYA","S-Y-N","OPERATIONS","SEYA","A_COMPACT","80","SE-YA"
"ACTIVATE","ATIVAR","SEKI","S-K-T","OPERATIONS","SEKETA","C_FULL_ROOT","80","SE-KE-TA"
"DEACTIVATE","DESATIVAR","KIDI","K-D-L","OPERATIONS","KEDULA","C_FULL_ROOT","83","KE-DU-LA"
"EXECUTE","EXECUTAR","LUVIH","L-V-H","OPERATIONS","LUVA","A_COMPACT","80","LU-VA"
"MANIFEST","MANIFESTAR","MANEV","M-N-V","OPERATIONS","MANUVA","B_CONTINUITY","80","MA-NU-VA"
"TRANSFORM","TRANSFORMAR","LIKI","L-K-R","OPERATIONS","LIKA","A_COMPACT","80","LI-KA"
"VALIDATE","VALIDAR","KEVO","K-V-M","OPERATIONS","KEVA","A_COMPACT","80","KE-VA"
"IMPORT","IMPORTAR","SELI","S-L-G","OPERATIONS","SELA","A_COMPACT","78","SE-LA"
"EXPORT","EXPORTAR","ZIHA","Z-H-M","OPERATIONS","ZEHAMA","C_FULL_ROOT","83","ZE-HA-MA"
"LOAD","CARREGAR","RINIV","R-N-V","OPERATIONS","RINA","A_COMPACT","78","RI-NA"
"SAVE","SALVAR","KIVE","K-V-G","OPERATIONS","KIVA","A_COMPACT","80","KI-VA"
"REGISTER","REGISTRAR","MADA","M-D-T","OPERATIONS","MIDITA","C_FULL_ROOT","81","MI-DI-TA"
"OBSERVE","OBSERVAR","LAPAN","L-P-N","OPERATIONS","LIPONA","C_FULL_ROOT","81","LI-PO-NA"
"EMIT","EMITIR","SIYU","S-Y-K","OPERATIONS","SIYA","A_COMPACT","80","SI-YA"
"RETURN","RETORNAR","KIPE","K-P-T","OPERATIONS","KIPA","A_COMPACT","80","KI-PA"
"WORLD","MUNDO","MAVORA","M-V-R","STRUCTURE","MAVU","A_COMPACT","80","MA-VU"
"OBJECT","OBJETO","OKVAR","K-V-R","STRUCTURE","OKU","A_COMPACT","80","O-KU"
"ENTITY","ENTIDADE","ENTAV","N-T-V","STRUCTURE","NATIVU","B_CONTINUITY","80","NA-TI-VU"
"CLASS","CLASSE","KELAN","K-L-N","STRUCTURE","KELU","A_COMPACT","83","KE-LU"
"TYPE","TIPO","NIZONI","N-Z-V","STRUCTURE","NIZU","A_COMPACT","82","NI-ZU"
"COMPONENT","COMPONENTE","KAVORA","K-V-R","STRUCTURE","KAVU","A_COMPACT","80","KA-VU"
"SYSTEM","SISTEMA","SIVEN","S-V-N","STRUCTURE","SIVEN","B_CONTINUITY","81","SI-VE-N"
"MODULE","MODULO","NURAS","N-R-S","STRUCTURE","NURU","A_COMPACT","78","NU-RU"
"MODEL","MODELO","YUYU","Y-V-N","STRUCTURE","YUVU","A_COMPACT","80","YU-VU"
"STRUCTURE","ESTRUTURA","SUVUZU","S-V-Z","STRUCTURE","SUVU","A_COMPACT","80","SU-VU"
"ELEMENT","ELEMENTO","VUVO","V-N-Y","STRUCTURE","VUNU","A_COMPACT","85","VU-NU"
"INSTANCE","INSTANCIA","VIPU","V-P-Z","STRUCTURE","VAPAZU","C_FULL_ROOT","83","VA-PA-ZU"
"INTERFACE","INTERFACE","YUMAD","Y-M-D","STRUCTURE","YUMU","A_COMPACT","80","YU-MU"
"CONTRACT","CONTRATO","SUSA","S-H-M","STRUCTURE","SUHU","A_COMPACT","80","SU-HU"
"RELATION","RELACAO","KAZE","K-Z-Y","STRUCTURE","KAZU","A_COMPACT","80","KA-ZU"
"IDENTITY","IDENTIDADE","RIYU","R-Y-D","STRUCTURE","RIYU","A_COMPACT","80","RI-YU"
"EVENT","EVENTO","ENEVU","N-V-K","LOGIC_FLOW","NIVAKE","C_FULL_ROOT","80","NI-VA-KE"
"ACTION","ACAO","AKANA","K-N-S","LOGIC_FLOW","KANESE","C_FULL_ROOT","83","KA-NE-SE"
"COMMAND","COMANDO","KOMARA","K-M-R","LOGIC_FLOW","KOME","A_COMPACT","85","KO-ME"
"FUNCTION","FUNCAO","LARUS","L-R-S","LOGIC_FLOW","LARE","A_COMPACT","80","LA-RE"
"OPERATION","OPERACAO","YOHO","Y-H-K","LOGIC_FLOW","YEHUKE","C_FULL_ROOT","83","YE-HU-KE"
"PROCESS","PROCESSO","ZANUY","Z-N-Y","LOGIC_FLOW","ZANE","A_COMPACT","82","ZA-NE"
"STATE","ESTADO","ZOVAK","Z-V-K","LOGIC_FLOW","ZOVE","A_COMPACT","80","ZO-VE"
"CONDITION","CONDICAO","POZEN","P-Z-N","LOGIC_FLOW","PEZANE","C_FULL_ROOT","80","PE-ZA-NE"
"WHEN","QUANDO","SUPU","S-P-B","LOGIC_FLOW","SEPUBE","C_FULL_ROOT","81","SE-PU-BE"
"IF","SE","YOZIZ","Y-Z-V","LOGIC_FLOW","YOZE","A_COMPACT","80","YO-ZE"
"ELSE","SENAO","KEYO","K-Y-S","LOGIC_FLOW","KEYE","A_COMPACT","80","KE-YE"
"FOR","PARA","ROKI","R-K-P","LOGIC_FLOW","ROKE","A_COMPACT","80","RO-KE"
"EACH","CADA","HIZE","H-Z-D","LOGIC_FLOW","HEZUDE","C_FULL_ROOT","83","HE-ZU-DE"
"WHILE","ENQUANTO","SEYE","S-Y-T","LOGIC_FLOW","SAYITE","C_FULL_ROOT","83","SA-YI-TE"
"THEN","ENTAO","VIDI","V-D-P","LOGIC_FLOW","VUDOPE","C_FULL_ROOT","83","VU-DO-PE"
"START","INICIO","ZEDA","Z-D-L","LOGIC_FLOW","ZEDE","A_COMPACT","80","ZE-DE"
"END","FIM","RERU","R-B-G","LOGIC_FLOW","REBE","A_COMPACT","83","RE-BE"
"NAME","NOME","DIPAV","D-P-V","IDENTITY_METADATA","DIPI","A_COMPACT","80","DI-PI"
"IDENTIFIER","ID","LAKAK","L-K-D","IDENTITY_METADATA","LAKI","A_COMPACT","80","LA-KI"
"VALUE","VALOR","VEMI","V-M-Z","IDENTITY_METADATA","VEMI","A_COMPACT","80","VE-MI"
"PROPERTY","PROPRIEDADE","ZUZIN","Z-N-S","IDENTITY_METADATA","ZUNI","A_COMPACT","82","ZU-NI"
"ATTRIBUTE","ATRIBUTO","HUPU","H-P-R","IDENTITY_METADATA","HUPI","A_COMPACT","80","HU-PI"
"PARAMETER","PARAMETRO","ROZIS","R-Z-S","IDENTITY_METADATA","ROZI","A_COMPACT","80","RO-ZI"
"ARGUMENT","ARGUMENTO","VAMAY","V-M-Y","IDENTITY_METADATA","VAMI","A_COMPACT","80","VA-MI"
"REFERENCE","REFERENCIA","MAHON","M-H-N","IDENTITY_METADATA","MAHI","A_COMPACT","83","MA-HI"
"SOURCE","ORIGEM","PIZIR","P-Z-R","IDENTITY_METADATA","PIZI","A_COMPACT","80","PI-ZI"
"TARGET","DESTINO","PAZUD","P-Z-D","IDENTITY_METADATA","PAZI","A_COMPACT","80","PA-ZI"
"CONTEXT","CONTEXTO","YINA","Y-N-G","IDENTITY_METADATA","YANIGI","C_FULL_ROOT","83","YA-NI-GI"
"VERSION","VERSAO","KUHI","K-H-D","IDENTITY_METADATA","KUHI","A_COMPACT","80","KU-HI"
"PROFILE","PERFIL","PEMESI","P-M-S","IDENTITY_METADATA","PEMI","A_COMPACT","78","PE-MI"
"META","META","MIKUS","M-K-S","IDENTITY_METADATA","MIKI","A_COMPACT","80","MI-KI"
"DATA","DADO","DANEV","D-N-V","DATA_MEMORY","DANUVO","B_CONTINUITY","80","DA-NU-VO"
"MEMORY","MEMORIA","MENAR","M-N-R","DATA_MEMORY","MENO","A_COMPACT","78","ME-NO"
"DATABASE","BASE","PISI","P-S-L","DATA_MEMORY","PUSELO","C_FULL_ROOT","81","PU-SE-LO"
"FILE","ARQUIVO","PILU","P-L-H","DATA_MEMORY","PELIHO","C_FULL_ROOT","83","PE-LI-HO"
"DOCUMENT","DOCUMENTO","YERO","Y-R-V","DATA_MEMORY","YARAVO","C_FULL_ROOT","83","YA-RA-VO"
"RECORD","REGISTRO","MUVID","M-V-D","DATA_MEMORY","MUVO","A_COMPACT","80","MU-VO"
"COLLECTION","COLECAO","VEHI","V-H-D","DATA_MEMORY","VEHO","A_COMPACT","80","VE-HO"
"LIST","LISTA","VOVAM","V-M-S","DATA_MEMORY","VOMO","A_COMPACT","80","VO-MO"
"MAP","MAPA","DALA","D-L-K","DATA_MEMORY","DALEKO","C_FULL_ROOT","80","DA-LE-KO"
"SOURCE_ALIAS","FONTE","MEMUS","M-S-H","DATA_MEMORY","MESO","A_COMPACT","78","ME-SO"
"CACHE","CACHE","MEVAH","M-V-H","DATA_MEMORY","MEVO","A_COMPACT","80","ME-VO"
"HISTORY","HISTORICO","SERO","S-R-P","DATA_MEMORY","SAROPO","C_FULL_ROOT","81","SA-RO-PO"
"PROVENANCE","PROVENIENCIA","KILO","K-L-M","DATA_MEMORY","KILO","A_COMPACT","80","KI-LO"
"CAPABILITY","CAPACIDADE","KAPARA","K-P-R","CAPABILITY_SECURITY_IO","KAPU","A_COMPACT","80","KA-PU"
"PERMISSION","PERMISSAO","PEREN","P-R-N","CAPABILITY_SECURITY_IO","PEREN","B_CONTINUITY","80","PE-RE-N"
"ACCESS","ACESSO","ASEKA","S-K-M","CAPABILITY_SECURITY_IO","SIKOMU","C_FULL_ROOT","80","SI-KO-MU"
"ALLOW","AUTORIZAR","AUVEN","V-N-M","CAPABILITY_SECURITY_IO","VANEMU","C_FULL_ROOT","80","VA-NE-MU"
"DENY","NEGAR","NEVAR","N-V-R","CAPABILITY_SECURITY_IO","NEVIRU","B_CONTINUITY","80","NE-VI-RU"
"READ","LER","ZAMO","Z-M-N","CAPABILITY_SECURITY_IO","ZUMONU","C_FULL_ROOT","83","ZU-MO-NU"
"WRITE","ESCREVER","KAYU","K-Y-Z","CAPABILITY_SECURITY_IO","KIYUZU","C_FULL_ROOT","83","KI-YU-ZU"
"EDIT","EDITAR","DADEN","D-N-G","CAPABILITY_SECURITY_IO","DANU","A_COMPACT","78","DA-NU"
"NETWORK","REDE","VEROL","V-R-L","CAPABILITY_SECURITY_IO","VERU","A_COMPACT","80","VE-RU"
"LOCAL","LOCAL","HADE","H-D-M","CAPABILITY_SECURITY_IO","HADU","A_COMPACT","80","HA-DU"
"EXTERNAL","EXTERNO","LUVAHE","L-V-H","CAPABILITY_SECURITY_IO","LUVU","A_COMPACT","80","LU-VU"
"PRIVATE","PRIVADO","MALOV","M-L-V","CAPABILITY_SECURITY_IO","MALEVU","B_CONTINUITY","80","MA-LE-VU"
"PUBLIC","PUBLICO","HILU","H-L-R","CAPABILITY_SECURITY_IO","HILU","A_COMPACT","80","HI-LU"
"SECURE","SEGURO","MURIY","M-R-Y","CAPABILITY_SECURITY_IO","MARIYU","C_FULL_ROOT","80","MA-RI-YU"
"AGENT","AGENTE","AGENA","G-N-D","AI_ORCHESTRATION","AGENA","A_COMPACT","79","A-GE-NA"
"AI","IA","NOKON","N-K-P","AI_ORCHESTRATION","NOKA","A_COMPACT","83","NO-KA"
"PROMPT","PROMPT","PROMEN","P-R-M","AI_ORCHESTRATION","PORA","A_COMPACT","78","PO-RA"
"INTENT","INTENCAO","INTEV","N-T-V","AI_ORCHESTRATION","NETUVA","B_CONTINUITY","80","NE-TU-VA"
"GOAL","OBJETIVO","ZUHU","Z-H-G","AI_ORCHESTRATION","ZOHEGA","C_FULL_ROOT","83","ZO-HE-GA"
"PLAN","PLANO","RIDAR","R-D-H","AI_ORCHESTRATION","RIDUHA","B_CONTINUITY","80","RI-DU-HA"
"TASK","TAREFA","YOVE","Y-V-N","AI_ORCHESTRATION","YOVA","A_COMPACT","80","YO-VA"
"SKILL","SKILL","RAVI","R-V-T","AI_ORCHESTRATION","ROVETA","C_FULL_ROOT","83","RO-VE-TA"
"SPECIALIST","ESPECIALISTA","DOYE","D-Y-V","AI_ORCHESTRATION","DUYIVA","C_FULL_ROOT","83","DU-YI-VA"
"MASTER","MESTRE","KEHI","K-H-V","AI_ORCHESTRATION","KEHA","A_COMPACT","80","KE-HA"
"ROLE","PAPEL","DIRO","D-R-P","AI_ORCHESTRATION","DIRA","A_COMPACT","78","DI-RA"
"RULE","REGRA","POYE","P-Y-R","AI_ORCHESTRATION","POYA","A_COMPACT","80","PO-YA"
"POLICY","POLITICA","LUVIR","L-V-R","AI_ORCHESTRATION","LOVARA","C_FULL_ROOT","80","LO-VA-RA"
"INSTRUCTION","INSTRUCAO","HIVAS","H-V-S","AI_ORCHESTRATION","HIVA","A_COMPACT","80","HI-VA"
"DESIGN","DESIGN","DESEN","D-S-N","DESIGN_MANIFESTATION","DUSONO","C_FULL_ROOT","81","DU-SO-NO"
"VISUAL","VISUAL","VIZEN","V-Z-N","DESIGN_MANIFESTATION","VIZO","A_COMPACT","83","VI-ZO"
"LAYOUT","LAYOUT","HILUYE","H-L-Y","DESIGN_MANIFESTATION","HILO","A_COMPACT","80","HI-LO"
"STYLE","ESTILO","POMOV","P-M-V","DESIGN_MANIFESTATION","POMO","A_COMPACT","78","PO-MO"
"COLOR","COR","PAKE","P-K-T","DESIGN_MANIFESTATION","PEKOTO","C_FULL_ROOT","83","PE-KO-TO"
"FORM","FORMA","DEYI","D-Y-R","DESIGN_MANIFESTATION","DEYO","A_COMPACT","80","DE-YO"
"IMAGE","IMAGEM","ZERUM","Z-R-M","DESIGN_MANIFESTATION","ZERO","A_COMPACT","80","ZE-RO"
"VIDEO","VIDEO","DOZIS","D-Z-S","DESIGN_MANIFESTATION","DOZO","A_COMPACT","82","DO-ZO"
"AUDIO","AUDIO","PIDA","P-D-Y","DESIGN_MANIFESTATION","PUDUYO","C_FULL_ROOT","83","PU-DU-YO"
"TEXT","TEXTO","NISER","N-S-R","DESIGN_MANIFESTATION","NISO","A_COMPACT","78","NI-SO"
"WEB","WEB","RENU","R-N-G","DESIGN_MANIFESTATION","RENO","A_COMPACT","78","RE-NO"
"APP","APP","VAKO","V-K-Y","DESIGN_MANIFESTATION","VAKO","A_COMPACT","80","VA-KO"
"GAME","GAME","RAHEKU","R-H-K","DESIGN_MANIFESTATION","RAHO","A_COMPACT","83","RA-HO"
"WORKFLOW","WORKFLOW","NEHU","N-H-Z","DESIGN_MANIFESTATION","NIHUZO","C_FULL_ROOT","83","NI-HU-ZO"
