familyId,familyRoot,semanticId,ptBr,previousV05,winner,winnerVariant,score
"F01_CREATION_MUTATION","KD","CREATE","CRIAR","KADA","KADA","A_FAMILY_COMPACT","84"
"F01_CREATION_MUTATION","KD","DEFINE","DEFINIR","DENA","KEDU","A_FAMILY_COMPACT","84"
"F01_CREATION_MUTATION","KD","ALTER","ALTERAR","NALA","KIDI","A_FAMILY_COMPACT","84"
"F01_CREATION_MUTATION","KD","REMOVE","REMOVER","SARA","KODE","A_FAMILY_COMPACT","84"
"F01_CREATION_MUTATION","KD","TRANSFORM","TRANSFORMAR","LIKA","KUDO","A_FAMILY_COMPACT","84"
"F02_RELATION_BINDING","VM","CONNECT","CONECTAR","VAMA","VAMA","A_FAMILY_COMPACT","84"
"F02_RELATION_BINDING","VM","ASSOCIATE","ASSOCIAR","SEYA","VEMU","A_FAMILY_COMPACT","84"
"F02_RELATION_BINDING","VM","RELATION","RELACAO","KAZU","VIMI","A_FAMILY_COMPACT","84"
"F02_RELATION_BINDING","VM","REFERENCE","REFERENCIA","MAHI","VOME","A_FAMILY_COMPACT","84"
"F03_LIFECYCLE_EXECUTION","LV","ACTIVATE","ATIVAR","SEKETA","LAVA","A_FAMILY_COMPACT","84"
"F03_LIFECYCLE_EXECUTION","LV","DEACTIVATE","DESATIVAR","KEDULA","LEVU","A_FAMILY_COMPACT","84"
"F03_LIFECYCLE_EXECUTION","LV","EXECUTE","EXECUTAR","LUVA","LUVA","C_V05_CONTINUITY","89"
"F03_LIFECYCLE_EXECUTION","LV","RETURN","RETORNAR","KIPA","LOVE","A_FAMILY_COMPACT","84"
"F04_MANIFEST_VALIDATION","MN","MANIFEST","MANIFESTAR","MANUVA","MANUVA","C_V05_CONTINUITY","85"
"F04_MANIFEST_VALIDATION","MN","VALIDATE","VALIDAR","KEVA","MENU","A_FAMILY_COMPACT","84"
"F05_TRANSFER_PERSISTENCE","SL","IMPORT","IMPORTAR","SELA","SELA","C_V05_CONTINUITY","89"
"F05_TRANSFER_PERSISTENCE","SL","EXPORT","EXPORTAR","ZEHAMA","SELU","A_FAMILY_COMPACT","84"
"F05_TRANSFER_PERSISTENCE","SL","LOAD","CARREGAR","RINA","SILI","A_FAMILY_COMPACT","84"
"F05_TRANSFER_PERSISTENCE","SL","SAVE","SALVAR","KIVA","SOLE","A_FAMILY_COMPACT","84"
"F06_OBSERVABILITY","NP","REGISTER","REGISTRAR","MIDITA","NAPA","A_FAMILY_COMPACT","84"
"F06_OBSERVABILITY","NP","OBSERVE","OBSERVAR","LIPONA","NEPU","A_FAMILY_COMPACT","84"
"F06_OBSERVABILITY","NP","EMIT","EMITIR","SIYA","NIPI","A_FAMILY_COMPACT","84"
"F06_OBSERVABILITY","NP","EVENT","EVENTO","NIVAKE","NOPE","A_FAMILY_COMPACT","84"
"F07_STRUCTURE_CORE","MV","WORLD","MUNDO","MAVU","MAVU","C_V05_CONTINUITY","89"
"F07_STRUCTURE_CORE","MV","OBJECT","OBJETO","OKU","MEVU","A_FAMILY_COMPACT","84"
"F07_STRUCTURE_CORE","MV","ENTITY","ENTIDADE","NATIVU","MIVI","A_FAMILY_COMPACT","84"
"F07_STRUCTURE_CORE","MV","ELEMENT","ELEMENTO","VUNU","MOVE","A_FAMILY_COMPACT","84"
"F07_STRUCTURE_CORE","MV","INSTANCE","INSTANCIA","VAPAZU","MUVO","A_FAMILY_COMPACT","84"
"F08_TYPE_IDENTITY","KL","CLASS","CLASSE","KELU","KELU","C_V05_CONTINUITY","89"
"F08_TYPE_IDENTITY","KL","TYPE","TIPO","NIZU","KELUPA","A_FAMILY_COMPACT","77"
"F08_TYPE_IDENTITY","KL","INTERFACE","INTERFACE","YUMU","KILI","A_FAMILY_COMPACT","84"
"F08_TYPE_IDENTITY","KL","CONTRACT","CONTRATO","SUHU","KOLE","A_FAMILY_COMPACT","84"
"F08_TYPE_IDENTITY","KL","IDENTITY","IDENTIDADE","RIYU","KULO","A_FAMILY_COMPACT","84"
"F09_COMPOSITION_SYSTEM","SV","COMPONENT","COMPONENTE","KAVU","SAVA","A_FAMILY_COMPACT","84"
"F09_COMPOSITION_SYSTEM","SV","SYSTEM","SISTEMA","SIVEN","SIVEN","C_V05_CONTINUITY","86"
"F09_COMPOSITION_SYSTEM","SV","MODULE","MODULO","NURU","SIVI","A_FAMILY_COMPACT","84"
"F09_COMPOSITION_SYSTEM","SV","MODEL","MODELO","YUVU","SOVE","A_FAMILY_COMPACT","84"
"F09_COMPOSITION_SYSTEM","SV","STRUCTURE","ESTRUTURA","SUVU","SUVU","C_V05_CONTINUITY","89"
"F10_BEHAVIOR_EXEC","KM","ACTION","ACAO","KANESE","KAMA","A_FAMILY_COMPACT","84"
"F10_BEHAVIOR_EXEC","KM","COMMAND","COMANDO","KOME","KOME","C_V05_CONTINUITY","89"
"F10_BEHAVIOR_EXEC","KM","FUNCTION","FUNCAO","LARE","KIMI","A_FAMILY_COMPACT","84"
"F10_BEHAVIOR_EXEC","KM","OPERATION","OPERACAO","YEHUKE","KOMENA","A_FAMILY_COMPACT","79"
"F10_BEHAVIOR_EXEC","KM","PROCESS","PROCESSO","ZANE","KUMO","A_FAMILY_COMPACT","84"
"F11_LOGIC_STATE","ZV","STATE","ESTADO","ZOVE","ZOVE","C_V05_CONTINUITY","89"
"F11_LOGIC_STATE","ZV","CONDITION","CONDICAO","PEZANE","ZEVU","A_FAMILY_COMPACT","84"
"F11_LOGIC_STATE","ZV","WHEN","QUANDO","SEPUBE","ZIVI","A_FAMILY_COMPACT","84"
"F11_LOGIC_STATE","ZV","IF","SE","YOZE","ZOVEFA","B_FAMILY_EXTENDED","77"
"F11_LOGIC_STATE","ZV","ELSE","SENAO","KEYE","ZUVO","A_FAMILY_COMPACT","84"
"F12_CONTROL_FLOW","RK","FOR","PARA","ROKE","ROKE","C_V05_CONTINUITY","89"
"F12_CONTROL_FLOW","RK","EACH","CADA","HEZUDE","REKU","A_FAMILY_COMPACT","84"
"F12_CONTROL_FLOW","RK","WHILE","ENQUANTO","SAYITE","RIKI","A_FAMILY_COMPACT","84"
"F12_CONTROL_FLOW","RK","THEN","ENTAO","VUDOPE","ROKENA","A_FAMILY_COMPACT","79"
"F12_CONTROL_FLOW","RK","START","INICIO","ZEDE","RUKO","A_FAMILY_COMPACT","85"
"F12_CONTROL_FLOW","RK","END","FIM","REBE","RAKU","A_FAMILY_COMPACT","84"
"F13_IDENTITY_FIELDS","DP","NAME","NOME","DIPI","DIPI","C_V05_CONTINUITY","89"
"F13_IDENTITY_FIELDS","DP","IDENTIFIER","ID","LAKI","DEPU","A_FAMILY_COMPACT","84"
"F13_IDENTITY_FIELDS","DP","VALUE","VALOR","VEMI","DIPILE","A_FAMILY_COMPACT","77"
"F13_IDENTITY_FIELDS","DP","PROPERTY","PROPRIEDADE","ZUNI","DOPE","A_FAMILY_COMPACT","84"
"F13_IDENTITY_FIELDS","DP","ATTRIBUTE","ATRIBUTO","HUPI","DUPO","A_FAMILY_COMPACT","84"
"F14_CALL_SIGNATURE","PZ","PARAMETER","PARAMETRO","ROZI","PAZA","A_FAMILY_COMPACT","84"
"F14_CALL_SIGNATURE","PZ","ARGUMENT","ARGUMENTO","VAMI","PEZU","A_FAMILY_COMPACT","84"
"F14_CALL_SIGNATURE","PZ","SOURCE","ORIGEM","PIZI","PIZI","A_FAMILY_COMPACT","84"
"F14_CALL_SIGNATURE","PZ","TARGET","DESTINO","PAZI","PAZI","C_V05_CONTINUITY","89"
"F15_CONTEXT_META","KH","CONTEXT","CONTEXTO","YANIGI","KAHA","A_FAMILY_COMPACT","84"
"F15_CONTEXT_META","KH","VERSION","VERSAO","KUHI","KUHI","C_V05_CONTINUITY","89"
"F15_CONTEXT_META","KH","PROFILE","PERFIL","PEMI","KIHI","A_FAMILY_COMPACT","84"
"F15_CONTEXT_META","KH","META","META","MIKI","KOHE","A_FAMILY_COMPACT","84"
"F16_DATA_STORAGE","DN","DATA","DADO","DANUVO","DANUVO","C_V05_CONTINUITY","85"
"F16_DATA_STORAGE","DN","MEMORY","MEMORIA","MENO","DENU","A_FAMILY_COMPACT","84"
"F16_DATA_STORAGE","DN","DATABASE","BASE","PUSELO","DINI","A_FAMILY_COMPACT","84"
"F16_DATA_STORAGE","DN","FILE","ARQUIVO","PELIHO","DONE","A_FAMILY_COMPACT","84"
"F16_DATA_STORAGE","DN","DOCUMENT","DOCUMENTO","YARAVO","DUNO","A_FAMILY_COMPACT","84"
"F16_DATA_STORAGE","DN","RECORD","REGISTRO","MUVO","DANU","A_FAMILY_COMPACT","84"
"F17_COLLECTION_PROVENANCE","VH","COLLECTION","COLECAO","VEHO","VEHO","C_V05_CONTINUITY","89"
"F17_COLLECTION_PROVENANCE","VH","LIST","LISTA","VOMO","VEHU","A_FAMILY_COMPACT","84"
"F17_COLLECTION_PROVENANCE","VH","MAP","MAPA","DALEKO","VIHI","A_FAMILY_COMPACT","84"
"F17_COLLECTION_PROVENANCE","VH","SOURCE_ALIAS","FONTE","MESO","VOHE","A_FAMILY_COMPACT","84"
"F17_COLLECTION_PROVENANCE","VH","CACHE","CACHE","MEVO","VUHO","A_FAMILY_COMPACT","84"
"F17_COLLECTION_PROVENANCE","VH","HISTORY","HISTORICO","SAROPO","VAHU","A_FAMILY_COMPACT","84"
"F17_COLLECTION_PROVENANCE","VH","PROVENANCE","PROVENIENCIA","KILO","VEHA","A_FAMILY_COMPACT","84"
"F18_SECURITY_CAPABILITY","KP","CAPABILITY","CAPACIDADE","KAPU","KAPU","C_V05_CONTINUITY","89"
"F18_SECURITY_CAPABILITY","KP","PERMISSION","PERMISSAO","PEREN","KEPU","A_FAMILY_COMPACT","84"
"F18_SECURITY_CAPABILITY","KP","ACCESS","ACESSO","SIKOMU","KIPI","A_FAMILY_COMPACT","84"
"F18_SECURITY_CAPABILITY","KP","ALLOW","AUTORIZAR","VANEMU","KOPE","A_FAMILY_COMPACT","84"
"F18_SECURITY_CAPABILITY","KP","DENY","NEGAR","NEVIRU","KUPO","A_FAMILY_COMPACT","84"
"F18_SECURITY_CAPABILITY","KP","SECURE","SEGURO","MARIYU","KAPURI","A_FAMILY_COMPACT","79"
"F19_DATA_ACCESS","ZM","READ","LER","ZUMONU","ZUMONU","C_V05_CONTINUITY","88"
"F19_DATA_ACCESS","ZM","WRITE","ESCREVER","KIYUZU","ZEMU","A_FAMILY_COMPACT","84"
"F19_DATA_ACCESS","ZM","EDIT","EDITAR","DANU","ZIMI","A_FAMILY_COMPACT","84"
"F20_NETWORK_SCOPE","VR","NETWORK","REDE","VERU","VERU","C_V05_CONTINUITY","89"
"F20_NETWORK_SCOPE","VR","LOCAL","LOCAL","HADU","VERULE","A_FAMILY_COMPACT","77"
"F20_NETWORK_SCOPE","VR","EXTERNAL","EXTERNO","LUVU","VIRI","A_FAMILY_COMPACT","84"
"F20_NETWORK_SCOPE","VR","PRIVATE","PRIVADO","MALEVU","VORE","A_FAMILY_COMPACT","84"
"F20_NETWORK_SCOPE","VR","PUBLIC","PUBLICO","HILU","VURO","A_FAMILY_COMPACT","84"
"F21_AGENT_IDENTITY","GN","AGENT","AGENTE","AGENA","AGENA","C_V05_CONTINUITY","86"
"F21_AGENT_IDENTITY","GN","AI","IA","NOKA","GENU","A_FAMILY_COMPACT","84"
"F21_AGENT_IDENTITY","GN","SPECIALIST","ESPECIALISTA","DUYIVA","GINI","A_FAMILY_COMPACT","84"
"F21_AGENT_IDENTITY","GN","MASTER","MESTRE","KEHA","GONE","A_FAMILY_COMPACT","84"
"F21_AGENT_IDENTITY","GN","ROLE","PAPEL","DIRA","GUNO","A_FAMILY_COMPACT","84"
"F22_INTENT_ORCHESTRATION","PR","PROMPT","PROMPT","PORA","PORA","C_V05_CONTINUITY","89"
"F22_INTENT_ORCHESTRATION","PR","INTENT","INTENCAO","NETUVA","PERU","A_FAMILY_COMPACT","84"
"F22_INTENT_ORCHESTRATION","PR","GOAL","OBJETIVO","ZOHEGA","PIRI","A_FAMILY_COMPACT","84"
"F22_INTENT_ORCHESTRATION","PR","PLAN","PLANO","RIDUHA","PORE","A_FAMILY_COMPACT","84"
"F22_INTENT_ORCHESTRATION","PR","TASK","TAREFA","YOVA","PURO","A_FAMILY_COMPACT","84"
"F23_POLICY_INSTRUCTION","HY","SKILL","SKILL","ROVETA","HAYALE","A_FAMILY_COMPACT","77"
"F23_POLICY_INSTRUCTION","HY","RULE","REGRA","POYA","HEYU","A_FAMILY_COMPACT","85"
"F23_POLICY_INSTRUCTION","HY","POLICY","POLITICA","LOVARA","HIYI","A_FAMILY_COMPACT","85"
"F23_POLICY_INSTRUCTION","HY","INSTRUCTION","INSTRUCAO","HIVA","HOYE","A_FAMILY_COMPACT","85"
"F24_DESIGN_SYSTEM","DS","DESIGN","DESIGN","DUSONO","DUSONO","C_V05_CONTINUITY","85"
"F24_DESIGN_SYSTEM","DS","VISUAL","VISUAL","VIZO","DESU","A_FAMILY_COMPACT","84"
"F24_DESIGN_SYSTEM","DS","LAYOUT","LAYOUT","HILO","DISI","A_FAMILY_COMPACT","84"
"F24_DESIGN_SYSTEM","DS","STYLE","ESTILO","POMO","DOSE","A_FAMILY_COMPACT","84"
"F24_DESIGN_SYSTEM","DS","COLOR","COR","PEKOTO","DUSO","A_FAMILY_COMPACT","84"
"F24_DESIGN_SYSTEM","DS","FORM","FORMA","DEYO","DASU","A_FAMILY_COMPACT","84"
"F25_MEDIA_CONTENT","ZR","IMAGE","IMAGEM","ZERO","ZERO","C_V05_CONTINUITY","89"
"F25_MEDIA_CONTENT","ZR","VIDEO","VIDEO","DOZO","ZERU","A_FAMILY_COMPACT","84"
"F25_MEDIA_CONTENT","ZR","AUDIO","AUDIO","PUDUYO","ZIRI","A_FAMILY_COMPACT","84"
"F25_MEDIA_CONTENT","ZR","TEXT","TEXTO","NISO","ZORE","A_FAMILY_COMPACT","84"
"F26_TARGET_MANIFESTATION","VK","WEB","WEB","RENO","VAKA","A_FAMILY_COMPACT","84"
"F26_TARGET_MANIFESTATION","VK","APP","APP","VAKO","VAKO","C_V05_CONTINUITY","89"
"F26_TARGET_MANIFESTATION","VK","GAME","GAME","RAHO","VIKI","A_FAMILY_COMPACT","84"
"F26_TARGET_MANIFESTATION","VK","WORKFLOW","WORKFLOW","NIHUZO","VOKE","A_FAMILY_COMPACT","84"
